	Politics	Football	Technology	Film	Business
Cluster1	0.011859381618	0.00423549343499	0.0423549343499	0.936467598475	0.00508259212198
Cluster2	0.0463709677419	0.00739247311828	0.456653225806	0.0070564516129	0.48252688172
Cluster3	0.105224963716	0.000725689404935	0.00	0.000725689404935	0.893323657475
Cluster4	0.00	0.990666237528	0.00675893144512	0.000965561635018	0.0016092693917
Cluster5	0.9705400982	0.00409165302782	0.00286415711948	0.00163666121113	0.0208674304419
